paper,pdf,response_id,file_id,model,status,created_at,last_update,collected,error,reasoning_id,input_tokens,output_tokens,reasoning_tokens,reasoning_summary
Adena and Hager 2024,papers\Adena and Hager 2024.pdf,resp_0c0b741851801de400692b0edad23481919073b49bef5ac952,file-Q83fk289GCQAau5KvjfvJ4,gpt-5-pro,completed,1764429530.0,2025-11-29T15:37:24.377179+00:00,True,,rs_0c0b741851801de400692b10581a348191a7afe66bac07cc83,24234.0,7019.0,5312.0,"**Assessing paper content and structure**

I need to create a JSON assessment following the schema for ""paper_assessment_with_tiers_v2."" The document in question is a WZB discussion paper titled ""Does online fundraising increase charitable giving? A nationwide field experiment on Facebook"" by Adena & Hager. The assessment should cover around 1000 words based only on the PDF. I'll identify key issues like identification threats, data limitations, and inconsistencies. There are conflicting instructions on percentiles and credibility intervals, which is puzzling! I should clarify that."
Green et al. 2025,papers\Green et al. 2025.pdf,resp_03c177c5ddac0edb00692b0f364d0c819fa1c4361df0cc6737,file-KQJHSzhgxB2z57odTKSSde,gpt-5-pro,completed,1764429622.0,2025-11-29T15:37:24.812122+00:00,True,,rs_03c177c5ddac0edb00692b10d99020819f96147255b7e3c39a,22904.0,5884.0,3904.0,"**Evaluating JSON structure for metrics**

I need to create a JSON object with two fields: an assessment summary and a metrics object. The metrics object must include fields for each percentile metric, detailing the midpoint, lower bound, and upper bound. However, the instructions say that these values must be equal. This is odd since it doesn't provide a proper range. I have to follow the instructions closely, even if it feels unusual. I also need to fill specific categories for percentile metrics and include two tier metrics."
Kudymowa et al. 2023,papers\Kudymowa et al. 2023.pdf,resp_0cb5c9d84e4608eb00692b0f917ac48190b7fd82715d46a0d9,file-Cwd3JGn6i15AtxzSwbKvbd,gpt-5-pro,completed,1764429713.0,2025-11-29T15:37:25.891499+00:00,True,,rs_0cb5c9d84e4608eb00692b1106939c8190b605975e79fa3183,65096.0,4147.0,2432.0,"**Evaluating estimation methods**

I'm exploring the ""time window"" method for estimating growth using IMF WEO and Goldman Sachs data, updated every five years. They anchor this with a 40-year window linked to deworming, resulting in an estimate of 3.3% growth. However, there are issues with composite CAGR and heavy reliance on Goldman Sachs’s techniques. Their open science aspects include shared calculations but lack replicability due to missing links. Though their review process involved experts, it’s not exhaustive, and the report serves more as a practical tool than a novel academic contribution."
Peterman et al. 2025,papers\Peterman et al. 2025.pdf,resp_01699d0a45e2e8cc00692b0fed79f881a1a271b5044ed96cbe,file-E3ZL3Y4gJUgknS66pD7q4N,gpt-5-pro,completed,1764429805.0,2025-11-29T15:37:26.382202+00:00,True,,rs_01699d0a45e2e8cc00692b116a753881a1a6264459f5a76622,18762.0,7617.0,6208.0,"**Formatting JSON assessment**

I need to create strict JSON with specific fields: assessment_summary and a metrics section that includes percentile scores for various categories. There's a twist with midpoints, meaning I must produce point estimates instead of ranges, which is a bit unusual. I should read the content provided by the user and evaluate it based only on the PDF text. I'll aim for a diagnostic summary of around 1000 words, focusing on neutral and specific issues like identification threats and data limitations."
Williams et al. 2024,papers\Williams et al. 2024.pdf,resp_097be5e23ba9fe5300692b104940d0819d9e49e58e49a4a7f6,file-UV5T7hc5HNdeHe4DEEWNXe,gpt-5-pro,completed,1764429897.0,2025-11-29T15:37:26.755638+00:00,True,,rs_097be5e23ba9fe5300692b121a4748819db04dec9432a0a5c5,28704.0,6327.0,5120.0,"**Analyzing model limitations**

I see another limitation in the model's assumptions. They assumed stationarity from 2000-2016 when predicting for 2015 to 2030. They included present conditions like 2018 tree cover but didn't factor in future climate or socio-economic changes. By excluding socio-economic predictors, they reduced potential model improvements slightly, but this could bias predictions in areas where socio-economic factors play a significant role, potentially leading to unrealistic outcomes in ""biophysical potential."" They clarify it’s about modeling potential, not feasibility."
